"Path","Platform","Compiled","Cooked","Permutations","Compiletime","CompiledDouble","CookedDouble"
"Globals","0","4406","0","1","0.000000","0","0"
"/ControlRig/Controls/ControlRigGizmoMaterial.ControlRigGizmoMaterial","0","0","2","1","0.000000","0","0"
"/MeshModelingToolset/Materials/M_DynamicMeshComponentVtxColor.M_DynamicMeshComponentVtxColor","0","0","18","1","0.000000","0","0"
"/ControlRig/Controls/ControlRigXRayMaterial.ControlRigXRayMaterial","0","0","9","1","0.000000","0","0"
"/Game/VRTemplate/Materials/M_VRCursor.M_VRCursor","0","0","2","1","0.000000","0","0"
"/Game/VRTemplate/Materials/M_LeftEyeGreen_RightEyeRed.M_LeftEyeGreen_RightEyeRed","0","0","12","1","0.000000","0","0"
"/Game/VRTemplate/Materials/M_Projectile.M_Projectile","0","0","12","1","0.000000","0","0"
"/Game/VRTemplate/Materials/DefaultRibbonMaterial_NoGradient.DefaultRibbonMaterial_NoGradient","0","0","15","1","0.000000","0","0"
"/Engine/EngineDebugMaterials/DebugEditorMaterial.DebugEditorMaterial","0","5","6","1","3.975431","0","6"
"/Game/LevelPrototyping/Materials/M_Solid.M_Solid","0","0","24","1","0.000000","0","0"
"/ControlRig/M_Manip.M_Manip","0","0","9","1","0.000000","0","0"
"/Paper2D/DefaultSpriteMaterial.DefaultSpriteMaterial","0","0","46","2","0.000000","0","0"
"/OpenXR/Devices/M_XRController.M_XRController","0","0","36","3","0.000000","0","48"
"/Engine/EditorMaterials/PhAT_NoCollisionMaterial.PhAT_NoCollisionMaterial","0","3","3","1","1.387175","0","3"
"/Engine/EditorMaterials/PhAT_UnselectedMaterial.PhAT_UnselectedMaterial","0","3","3","1","0.720581","0","3"
"/Game/StarterContent/Materials/M_Rock_Sandstone.M_Rock_Sandstone","0","21","21","1","53.209679","0","21"
"/Game/FPWeapon/Materials/M_FPGun.M_FPGun","0","0","56","1","0.000000","0","0"
"/Interchange/gltf/M_Unlit.M_Unlit","0","0","100","6","0.000000","0","0"
"/Game/VRTemplate/Materials/M_TeleportCylinder.M_TeleportCylinder","0","0","15","1","0.000000","0","0"
"/Game/VRTemplate/Materials/M_TeleportNoise.M_TeleportNoise","0","0","9","1","0.000000","0","0"
"/Game/Characters/MannequinsXR/Materials/M_Mannequin.M_Mannequin","0","0","56","2","0.000000","0","140"
"/Engine/EngineMaterials/Widget3DPassThrough.Widget3DPassThrough","0","45","50","6","22.710093","0","50"
"/Game/LevelPrototyping/Materials/M_PrototypeGrid.M_PrototypeGrid","0","21","63","3","66.121552","0","42"
"/Game/VRTemplate/Materials/M_GridRotation.M_GridRotation","0","0","42","2","0.000000","0","21"
"/SpeedTreeImporter/SpeedTree9/SpeedTreeMaster.SpeedTreeMaster","0","0","84","1","0.000000","0","0"
"/SpeedTreeImporter/SpeedTree9/SpeedTreeBillboardMaster.SpeedTreeBillboardMaster","0","0","58","1","0.000000","0","0"
"/Game/AnimStarterPack/UE4_Mannequin/Materials/M_UE4Man_Body.M_UE4Man_Body","0","104","112","2","156.991180","0","112"
"/Interchange/gltf/M_SpecularGlossiness.M_SpecularGlossiness","0","0","244","6","0.000000","0","0"
"/Interchange/gltf/M_Transmission.M_Transmission","0","0","76","2","0.000000","0","0"
"/Interchange/gltf/M_Sheen.M_Sheen","0","0","244","6","0.000000","0","0"
"/Interchange/gltf/M_ClearCoat.M_ClearCoat","0","0","244","6","0.000000","0","0"
"/Interchange/gltf/M_Default.M_Default","0","0","244","6","0.000000","0","0"
"/Game/StarterContent/Blueprints/Assets/M_LightStage_Skybox_Master.M_LightStage_Skybox_Master","0","4","4","2","2.366203","0","4"
"/Engine/VREditor/SnapGrid/SnapGridMaterial.SnapGridMaterial","0","10","10","1","4.940490","0","10"
"/Game/PolygonPrototype/Materials/Base/Mat_PolygonPrototype_Gobal_Grid_01_Base.Mat_PolygonPrototype_Gobal_Grid_01_Base","0","33","33","1","82.030533","0","33"
"/Engine/VREditor/BasicMeshes/M_Floor_01.M_Floor_01","0","21","21","1","52.026035","0","21"
"/Game/StarterContent/Materials/M_Basic_Wall.M_Basic_Wall","0","21","21","1","50.540459","0","21"
"/Engine/BasicShapes/BasicShapeMaterial.BasicShapeMaterial","0","63","63","1","101.858063","0","63"
"/Engine/EngineSky/M_Sky_Panning_Clouds2.M_Sky_Panning_Clouds2","0","2","2","1","1.571631","0","2"
"/Engine/EngineDebugMaterials/DebugMeshMaterial.DebugMeshMaterial","0","5","5","1","2.253904","0","5"
"/Engine/EngineMaterials/GizmoMaterial.GizmoMaterial","0","5","6","1","2.861275","0","6"
"/Engine/EngineMaterials/RemoveSurfaceMaterial.RemoveSurfaceMaterial","0","2","2","1","1.512025","0","2"
"/Game/AssetsvilleTown/Materials/MasterMaterials/M_Plants.M_Plants","0","80","84","1","138.230637","0","84"
"/Engine/EngineMaterials/NaniteHiddenSectionMaterial.NaniteHiddenSectionMaterial","0","25","27","1","37.160511","0","27"
"/Engine/EditorMaterials/Dataflow/DataflowVertexMaterial.DataflowVertexMaterial","0","24","24","1","57.867657","0","24"
"/Game/AssetsvilleTown/Materials/MasterMaterials/M_SubSurface.M_SubSurface","0","78","80","1","130.776520","0","80"
"/Game/FPWeapon/Materials/BaseMaterial.BaseMaterial","0","33","33","1","78.561203","0","33"
"/Engine/TemplateResources/M_Template_Master.M_Template_Master","0","33","33","1","0.000000","0","33"
"/Engine/EditorMaterials/MatineeCam_mat.MatineeCam_mat","0","12","12","1","28.455273","0","12"
"/Engine/VREditor/Devices/Generic/GenericHMDMaterial.GenericHMDMaterial","0","12","12","1","26.867815","0","12"
"/Engine/VREditor/FloatingText/LineMaterial.LineMaterial","0","2","2","1","0.828301","0","2"
"/Engine/EngineSky/VolumetricClouds/m_SimpleVolumetricCloud.m_SimpleVolumetricCloud","0","100","100","1","353.547089","0","100"
"/Game/AssetsvilleTown/Materials/MasterMaterials/M_AlphaTest.M_AlphaTest","0","40","42","1","60.203648","0","42"
"/Game/AssetsvilleTown/Materials/MasterMaterials/M_BaseColorPalette.M_BaseColorPalette","0","63","66","1","140.263000","0","66"
"/Game/AssetsvilleTown/Materials/MasterMaterials/M_BaseColorPalette_EMS.M_BaseColorPalette_EMS","0","39","41","1","85.759880","0","41"
"/Engine/EngineMaterials/FlattenMaterial_WS_Normal_VT.FlattenMaterial_WS_Normal_VT","0","33","33","1","77.220329","0","33"
"/Game/AssetsvilleTown/Materials/MasterMaterials/M_BaseTexture.M_BaseTexture","0","63","66","1","141.124634","0","66"
"/Game/Mixamo/phong1.phong1","0","24","24","1","57.759300","0","24"
"/Engine/VREditor/TransformGizmo/TranslucentTransformGizmoMaterial.TranslucentTransformGizmoMaterial","0","3","3","1","0.686631","0","3"
"/Engine/EngineMaterials/PPM_DefaultCalibrationColor.PPM_DefaultCalibrationColor","0","5","5","1","0.995883","0","5"
"/Game/StarterContent/Materials/M_Metal_Brushed_Nickel.M_Metal_Brushed_Nickel","0","21","21","1","50.563251","0","21"
"/Game/StarterContent/Props/Materials/M_Lamp.M_Lamp","0","21","21","1","51.484032","0","21"
"/Game/StarterContent/Materials/M_Metal_Chrome.M_Metal_Chrome","0","21","21","1","49.637939","0","21"
"/Game/StarterContent/Materials/M_Rock_Basalt.M_Rock_Basalt","0","21","21","1","52.333908","0","21"
"/Engine/EngineMaterials/PPM_DefaultCalibrationGrayscale.PPM_DefaultCalibrationGrayscale","0","5","5","1","0.961054","0","5"
"/Engine/EngineMaterials/FlattenMaterial_VT.FlattenMaterial_VT","0","33","33","1","78.177017","0","33"
"/Engine/EngineMaterials/FlattenMaterial.FlattenMaterial","0","33","33","1","0.000000","0","33"
"/Game/PolygonPrototype/Materials/Alts/Mat_PolygonPrototype_09.Mat_PolygonPrototype_09","0","21","21","1","50.319351","0","21"
"/Game/PolygonPrototype/Materials/Alts/Mat_PolygonPrototype_08.Mat_PolygonPrototype_08","0","21","21","1","0.000000","0","21"
"/Game/PolygonPrototype/Materials/Alts/Mat_PolygonPrototype_07.Mat_PolygonPrototype_07","0","21","21","1","0.000000","0","21"
"/Game/PolygonPrototype/Materials/Alts/Mat_PolygonPrototype_06.Mat_PolygonPrototype_06","0","21","21","1","0.000000","0","21"
"/Game/PolygonPrototype/Materials/Alts/Mat_PolygonPrototype_05.Mat_PolygonPrototype_05","0","33","33","1","28.737005","0","33"
"/Game/PolygonPrototype/Materials/Alts/Mat_PolygonPrototype_04.Mat_PolygonPrototype_04","0","21","21","1","0.000000","0","21"
"/Game/PolygonPrototype/Materials/Alts/Mat_PolygonPrototype_03.Mat_PolygonPrototype_03","0","21","21","1","0.000000","0","21"
"/Game/PolygonPrototype/Materials/Alts/Mat_PolygonPrototype_02.Mat_PolygonPrototype_02","0","21","21","1","0.000000","0","21"
"/Game/PolygonPrototype/Materials/Mat_PolygonPrototype_01.Mat_PolygonPrototype_01","0","75","75","1","102.544456","0","75"
"/Engine/EngineMaterials/M_InvalidLightmapSettings.M_InvalidLightmapSettings","0","24","24","1","58.259262","0","24"
"/Game/PolygonPrototype/Materials/Alts/Mat_PolygonPrototype_10.Mat_PolygonPrototype_10","0","21","21","1","0.000000","0","21"
"/Game/StarterContent/Particles/Materials/M_radial_ramp.M_radial_ramp","0","12","12","1","4.594316","0","12"
"/Game/StarterContent/Particles/Materials/M_Radial_Gradient.M_Radial_Gradient","0","12","12","1","0.000000","0","12"
"/Game/StarterContent/Materials/M_Wood_Floor_Walnut_Worn.M_Wood_Floor_Walnut_Worn","0","21","21","1","50.883778","0","21"
"/Game/StarterContent/Materials/M_ColorGrid_LowSpec.M_ColorGrid_LowSpec","0","21","21","1","50.286900","0","21"
"/Engine/EngineMaterials/EmissiveMeshMaterial.EmissiveMeshMaterial","0","5","5","1","2.278306","0","5"
"/Engine/EngineMaterials/PhAT_JointLimitMaterial.PhAT_JointLimitMaterial","0","8","9","1","5.035502","0","9"
"/Game/StarterContent/Particles/Materials/m_flare_01.m_flare_01","0","12","12","1","4.554679","0","12"
"/Game/StarterContent/Materials/M_Metal_Rust.M_Metal_Rust","0","21","21","1","51.919357","0","21"
"/Game/StarterContent/Materials/M_Water_Ocean.M_Water_Ocean","0","21","21","1","53.144764","0","21"
"/Game/StarterContent/Materials/M_Tech_Hex_Tile.M_Tech_Hex_Tile","0","21","21","1","52.603813","0","21"
"/Game/StarterContent/Materials/M_Glass.M_Glass","0","29","29","1","65.146492","0","29"
"/Game/StarterContent/Materials/M_Basic_Floor.M_Basic_Floor","0","21","21","1","48.776016","0","21"
"/Game/PolygonPrototype/Materials/Mat_Polygon_Prototype_Glow_Ring_FX.Mat_Polygon_Prototype_Glow_Ring_FX","0","29","29","1","42.585766","0","29"
"/Game/StarterContent/Materials/M_Brick_Clay_Beveled.M_Brick_Clay_Beveled","0","21","21","1","50.313133","0","21"
"/Engine/EditorMaterials/PreviewShadowIndicatorMaterial.PreviewShadowIndicatorMaterial","0","17","17","1","5.266135","0","17"
"/Game/StarterContent/Props/Materials/M_Rock.M_Rock","0","21","21","1","50.591438","0","21"
"/Engine/EditorMaterials/Thumbnails/SkySphereMaterial.SkySphereMaterial","0","21","21","1","50.900242","0","21"
"/Game/StarterContent/Materials/M_AssetPlatform.M_AssetPlatform","0","21","21","1","48.366291","0","21"
"/Game/StarterContent/Blueprints/Assets/M_LightStage_Arrows.M_LightStage_Arrows","0","2","2","1","0.855824","0","2"
"/Game/StarterContent/Materials/M_Brick_Clay_New.M_Brick_Clay_New","0","21","21","1","50.404667","0","21"
"/Game/StarterContent/Particles/Materials/M_Burst.M_Burst","0","15","15","1","5.974464","0","15"
"/Engine/MapTemplates/Materials/BasicTemplateMaterial.BasicTemplateMaterial","0","21","21","1","50.405899","0","21"
"/Game/StarterContent/Materials/M_Brick_Cut_Stone.M_Brick_Cut_Stone","0","21","21","1","50.312229","0","21"
"/Game/StarterContent/Materials/M_Brick_Hewn_Stone.M_Brick_Hewn_Stone","0","21","21","1","48.770100","0","21"
"/Game/StarterContent/Materials/M_Brick_Clay_Old.M_Brick_Clay_Old","0","21","21","1","50.398056","0","21"
"/Game/StarterContent/Props/Materials/M_Chair.M_Chair","0","21","21","1","51.842403","0","21"
"/Game/StarterContent/Materials/M_Tech_Checker_Dot.M_Tech_Checker_Dot","0","21","21","1","52.313328","0","21"
"/Game/StarterContent/Materials/M_CobbleStone_Pebble.M_CobbleStone_Pebble","0","21","21","1","50.927299","0","21"
"/Engine/MapTemplates/Materials/BasicAsset01.BasicAsset01","0","33","33","1","77.930611","0","33"
"/Game/SHIROGOROV/Drone2/Material_024.Material_024","0","12","12","1","28.488503","0","12"
"/Game/SHIROGOROV/Drone2/Material_023.Material_023","0","12","12","1","0.000000","0","12"
"/Game/SHIROGOROV/Drone2/Material_022.Material_022","0","12","12","1","0.000000","0","12"
"/Game/SHIROGOROV/Drone2/Material_021.Material_021","0","12","12","1","0.000000","0","12"
"/Game/SHIROGOROV/Drone2/Material_020.Material_020","0","12","12","1","0.000000","0","12"
"/Game/SHIROGOROV/Drone2/Material_019.Material_019","0","12","12","1","0.000000","0","12"
"/Game/SHIROGOROV/Drone2/Material_018.Material_018","0","12","12","1","0.000000","0","12"
"/Game/SHIROGOROV/Drone2/Material_017.Material_017","0","12","12","1","0.000000","0","12"
"/Game/SHIROGOROV/Drone2/Material_016.Material_016","0","12","12","1","0.000000","0","12"
"/Game/SHIROGOROV/Drone2/Material_015.Material_015","0","12","12","1","0.000000","0","12"
"/Game/SHIROGOROV/Drone2/Material_014.Material_014","0","12","12","1","0.000000","0","12"
"/Game/SHIROGOROV/Drone2/Material_013.Material_013","0","12","12","1","0.000000","0","12"
"/Game/SHIROGOROV/Drone2/Material_012.Material_012","0","12","12","1","0.000000","0","12"
"/Game/SHIROGOROV/Drone2/Material_011.Material_011","0","12","12","1","0.000000","0","12"
"/Game/SHIROGOROV/Drone2/Material_010.Material_010","0","12","12","1","0.000000","0","12"
"/Game/SHIROGOROV/Drone2/Material_009.Material_009","0","12","12","1","0.000000","0","12"
"/Game/SHIROGOROV/Drone2/Material_008.Material_008","0","12","12","1","0.000000","0","12"
"/Game/SHIROGOROV/Drone2/Material_007.Material_007","0","12","12","1","0.000000","0","12"
"/Game/SHIROGOROV/Drone2/Material_006.Material_006","0","12","12","1","0.000000","0","12"
"/Game/SHIROGOROV/Drone2/Material_005.Material_005","0","12","12","1","0.000000","0","12"
"/Game/SHIROGOROV/Drone2/Material_004.Material_004","0","12","12","1","0.000000","0","12"
"/Game/SHIROGOROV/Drone2/Material_003.Material_003","0","12","12","1","0.000000","0","12"
"/Game/SHIROGOROV/Drone2/Material_002.Material_002","0","12","12","1","0.000000","0","12"
"/Game/SHIROGOROV/Drone2/Material_001.Material_001","0","12","12","1","0.000000","0","12"
"/Game/SHIROGOROV/Drone2/Material.Material","0","12","12","1","0.000000","0","12"
"/Engine/VREditor/TransformGizmo/Xray.Xray","0","12","12","1","0.000000","0","12"
"/Game/StarterContent/Materials/M_CobbleStone_Rough.M_CobbleStone_Rough","0","21","21","1","55.673695","0","21"
"/Game/StarterContent/Materials/M_Ceramic_Tile_Checker.M_Ceramic_Tile_Checker","0","21","21","1","53.209003","0","21"
"/Game/StarterContent/Materials/M_CobbleStone_Smooth.M_CobbleStone_Smooth","0","21","21","1","54.367817","0","21"
"/Game/StarterContent/Materials/M_Concrete_Grime.M_Concrete_Grime","0","21","21","1","51.980152","0","21"
"/Game/PolygonPrototype/Materials/Mat_PolygonPrototype_Water.Mat_PolygonPrototype_Water","0","27","27","1","40.608109","0","27"
"/Game/StarterContent/Props/Materials/M_Bush.M_Bush","0","40","42","1","61.094753","0","42"
"/Game/StarterContent/Materials/M_Concrete_Poured.M_Concrete_Poured","0","21","21","1","50.146111","0","21"
"/Game/PolygonPrototype/Materials/Mat_PolygonPrototype_Glass.Mat_PolygonPrototype_Glass","0","45","45","1","64.798691","0","45"
"/Game/StarterContent/Props/Materials/M_Door.M_Door","0","21","21","1","50.975494","0","21"
"/Game/StarterContent/Materials/M_Concrete_Tiles.M_Concrete_Tiles","0","21","21","1","51.175438","0","21"
"/Game/StarterContent/Materials/M_Concrete_Panels.M_Concrete_Panels","0","21","21","1","52.794220","0","21"
"/Engine/EditorLandscapeResources/SplineEditorMeshMat.SplineEditorMeshMat","0","10","12","1","8.406952","0","12"
"/Game/StarterContent/Materials/M_Rock_Slate.M_Rock_Slate","0","21","21","1","50.123924","0","21"
"/Engine/EngineDebugMaterials/M_SimpleUnlitTranslucent.M_SimpleUnlitTranslucent","0","3","3","1","0.703985","0","3"
"/Game/StarterContent/Materials/M_Ground_Grass.M_Ground_Grass","0","21","21","1","35.474377","0","21"
"/Game/StarterContent/Materials/M_Ground_Moss.M_Ground_Moss","0","21","21","1","52.023346","0","21"
"/Engine/EditorMaterials/Camera/CineMat.CineMat","0","24","24","1","57.880398","0","24"
"/Game/StarterContent/Particles/Materials/M_explosion_subUV.M_explosion_subUV","0","9","9","1","3.533166","0","9"
"/Engine/VREditor/TransformGizmo/Main.Main","0","3","3","1","0.712296","0","3"
"/Game/StarterContent/Particles/Materials/M_Dust_Particle.M_Dust_Particle","0","72","72","1","61.042336","0","72"
"/Game/SHIROGOROV/W_Yellow-white.W_Yellow-white","0","21","21","1","49.600796","0","21"
"/Game/StarterContent/Materials/M_Wood_Pine.M_Wood_Pine","0","21","21","1","51.076057","0","21"
"/Game/StarterContent/Props/Materials/M_Frame.M_Frame","0","21","21","1","52.193233","0","21"
"/Game/StarterContent/Particles/Materials/M_Fire_SubUV.M_Fire_SubUV","0","9","9","1","3.758978","0","9"
"/Game/StarterContent/Materials/M_Ground_Gravel.M_Ground_Gravel","0","21","21","1","52.568642","0","21"
"/Game/StarterContent/Materials/M_Metal_Steel.M_Metal_Steel","0","21","21","1","52.568100","0","21"
"/Game/StarterContent/Materials/M_Metal_Gold.M_Metal_Gold","0","21","21","1","50.017666","0","21"
"/Game/StarterContent/Materials/M_Metal_Copper.M_Metal_Copper","0","21","21","1","50.126183","0","21"
"/Game/StarterContent/Materials/M_Metal_Burnished_Steel.M_Metal_Burnished_Steel","0","21","21","1","50.406429","0","21"
"/Game/StarterContent/Materials/M_Tech_Panel.M_Tech_Panel","0","21","21","1","51.386566","0","21"
"/Game/SHIROGOROV/M_Blue-white.M_Blue-white","0","21","21","1","49.973270","0","21"
"/Game/StarterContent/Materials/M_Tech_Hex_Tile_Pulse.M_Tech_Hex_Tile_Pulse","0","21","21","1","51.181587","0","21"
"/Game/StarterContent/Materials/M_Wood_Walnut.M_Wood_Walnut","0","21","21","1","49.571705","0","21"
"/Game/StarterContent/Materials/M_Water_Lake.M_Water_Lake","0","21","21","1","53.422356","0","21"
"/Game/StarterContent/Materials/M_Rock_Marble_Polished.M_Rock_Marble_Polished","0","21","21","1","53.314442","0","21"
"/Game/StarterContent/Materials/M_Wood_Floor_Walnut_Polished.M_Wood_Floor_Walnut_Polished","0","21","21","1","52.412891","0","21"
"/Game/AssetsvilleTown/Materials/MasterMaterials/M_Metal.M_Metal","0","39","41","1","85.194771","0","41"
"/Game/StarterContent/Props/Materials/M_Shelf.M_Shelf","0","21","21","1","51.368603","0","21"
"/Game/StarterContent/Props/Materials/M_Statue.M_Statue","0","21","21","1","51.976604","0","21"
"/Game/StarterContent/Particles/Materials/M_smoke_subUV.M_smoke_subUV","0","54","54","1","105.983826","0","54"
"/Game/StarterContent/Particles/Materials/M_Spark.M_Spark","0","9","9","1","3.526053","0","9"
"/Game/StarterContent/Props/Materials/M_TableRound.M_TableRound","0","21","21","1","49.817951","0","21"
"/Game/StarterContent/Props/Materials/M_StatueGlass.M_StatueGlass","0","29","29","1","66.783340","0","29"
"/Game/StarterContent/Materials/M_Wood_Oak.M_Wood_Oak","0","21","21","1","50.702183","0","21"
"/Game/AssetsvilleTown/Materials/MasterMaterials/M_Glass.M_Glass","0","49","49","1","109.357185","0","49"
"/Game/StarterContent/Particles/Materials/M_Heat_Distortion.M_Heat_Distortion","0","21","21","1","8.164796","0","21"
"/Engine/EngineMaterials/DefaultTextMaterialOpaque.DefaultTextMaterialOpaque","0","27","29","1","36.938583","0","29"
"/Engine/EngineDebugMaterials/M_VolumeRenderSphereTracePP.M_VolumeRenderSphereTracePP","0","5","5","1","1.732444","0","5"
"/Game/AssetsvilleTown/Materials/MasterMaterials/M_BaseColor.M_BaseColor","0","63","66","1","141.029617","0","66"
"/Engine/EngineMaterials/DefaultLightFunctionMaterial.DefaultLightFunctionMaterial","0","17","17","1","4.380392","0","17"
"/Game/SHIROGOROV/M_Black-red.M_Black-red","0","21","21","1","48.090748","0","21"
"/Engine/EngineMaterials/WorldGridMaterial.WorldGridMaterial","0","650","0","1","0.000000","0","0"
"/Engine/EngineMaterials/DefaultMaterial.DefaultMaterial","0","123","123","1","141.747192","0","123"
"/Engine/VREditor/TransformGizmo/TransformGizmoMaterial.TransformGizmoMaterial","0","2","2","1","1.580962","0","2"
"/Game/SHIROGOROV/M_Black-green.M_Black-green","0","21","21","1","50.647255","0","21"
"/Engine/EngineMaterials/DefaultPostProcessMaterial.DefaultPostProcessMaterial","0","7","7","1","2.401092","0","7"
"/Game/SHIROGOROV/Material_004.Material_004","0","24","24","1","29.376982","0","24"
"/Game/SHIROGOROV/Material_002.Material_002","0","24","24","1","0.000000","0","24"
"/Game/SHIROGOROV/Material_001.Material_001","0","24","24","1","0.000000","0","24"
"/Game/SHIROGOROV/Material.Material","0","24","24","1","0.000000","0","24"
"/Engine/EngineMaterials/DefaultDeferredDecalMaterial.DefaultDeferredDecalMaterial","0","87","87","1","116.681458","0","87"
"Globals","49","5372","0","1","0.000000","0","0"
"/Engine/EngineDebugMaterials/DebugEditorMaterial.DebugEditorMaterial","49","5","6","1","2.388025","0","6"
"/Engine/EditorMaterials/PhAT_NoCollisionMaterial.PhAT_NoCollisionMaterial","49","3","3","1","0.825815","0","3"
"/Engine/EditorMaterials/PhAT_UnselectedMaterial.PhAT_UnselectedMaterial","49","3","3","1","0.820023","0","3"
"/Engine/BasicShapes/BasicShapeMaterial.BasicShapeMaterial","49","91","91","1","202.933182","0","91"
"/Engine/EngineMaterials/GizmoMaterial.GizmoMaterial","49","5","6","1","1.464243","0","6"
"/Engine/EngineDebugMaterials/DebugMeshMaterial.DebugMeshMaterial","49","5","5","1","1.356082","0","5"
"/Engine/EngineMaterials/RemoveSurfaceMaterial.RemoveSurfaceMaterial","49","2","2","1","0.816137","0","2"
"/Engine/EngineMaterials/NaniteHiddenSectionMaterial.NaniteHiddenSectionMaterial","49","27","29","1","24.100702","0","29"
"/Engine/EditorMaterials/Dataflow/DataflowVertexMaterial.DataflowVertexMaterial","49","24","24","1","38.895878","0","24"
"/ControlRig/Controls/ControlRigGizmoMaterial.ControlRigGizmoMaterial","49","0","2","1","0.000000","0","0"
"/MeshModelingToolset/Materials/M_DynamicMeshComponentVtxColor.M_DynamicMeshComponentVtxColor","49","0","18","1","0.000000","0","0"
"/ControlRig/Controls/ControlRigXRayMaterial.ControlRigXRayMaterial","49","0","9","1","0.000000","0","0"
"/Game/VRTemplate/Materials/M_VRCursor.M_VRCursor","49","0","2","1","0.000000","0","0"
"/Game/VRTemplate/Materials/M_LeftEyeGreen_RightEyeRed.M_LeftEyeGreen_RightEyeRed","49","0","12","1","0.000000","0","0"
"/Game/VRTemplate/Materials/M_Projectile.M_Projectile","49","0","12","1","0.000000","0","0"
"/Game/VRTemplate/Materials/DefaultRibbonMaterial_NoGradient.DefaultRibbonMaterial_NoGradient","49","0","15","1","0.000000","0","0"
"/Game/LevelPrototyping/Materials/M_Solid.M_Solid","49","0","24","1","0.000000","0","0"
"/Engine/TemplateResources/M_Template_Master.M_Template_Master","49","33","33","1","42.563835","0","33"
"/Engine/VREditor/Devices/Generic/GenericHMDMaterial.GenericHMDMaterial","49","12","12","1","15.050108","0","12"
"/Engine/VREditor/FloatingText/LineMaterial.LineMaterial","49","2","2","1","0.486952","0","2"
"/Engine/EngineMaterials/FlattenMaterial_WS_Normal_VT.FlattenMaterial_WS_Normal_VT","49","61","61","1","131.398468","0","61"
"/Engine/EngineMaterials/FlattenMaterial_VT.FlattenMaterial_VT","49","61","61","1","133.232452","0","61"
"/Engine/EngineMaterials/M_InvalidLightmapSettings.M_InvalidLightmapSettings","49","24","24","1","31.711807","0","24"
"/Engine/EngineMaterials/EmissiveMeshMaterial.EmissiveMeshMaterial","49","5","5","1","2.167871","0","5"
"/Engine/EngineMaterials/FlattenMaterial.FlattenMaterial","49","61","61","1","0.000000","0","61"
"/Engine/EngineMaterials/PhAT_JointLimitMaterial.PhAT_JointLimitMaterial","49","8","9","1","2.505737","0","9"
"/Game/StarterContent/Particles/Materials/m_flare_01.m_flare_01","49","12","12","1","2.518608","0","12"
"/Game/StarterContent/Materials/M_Glass.M_Glass","49","29","29","1","38.144413","0","29"
"/Game/StarterContent/Materials/M_Basic_Wall.M_Basic_Wall","49","21","21","1","0.000000","0","21"
"/Game/StarterContent/Materials/M_Basic_Floor.M_Basic_Floor","49","21","21","1","26.662912","0","21"
"/Game/StarterContent/Materials/M_AssetPlatform.M_AssetPlatform","49","21","21","1","27.414719","0","21"
"/Game/StarterContent/Blueprints/Assets/M_LightStage_Arrows.M_LightStage_Arrows","49","2","2","1","0.500961","0","2"
"/Engine/MapTemplates/Materials/BasicTemplateMaterial.BasicTemplateMaterial","49","21","21","1","26.814259","0","21"
"/Engine/MapTemplates/Materials/BasicAsset01.BasicAsset01","49","33","33","1","42.184757","0","33"
"/Game/SHIROGOROV/Drone2/Material_024.Material_024","49","12","12","1","15.111334","0","12"
"/Game/SHIROGOROV/Drone2/Material_023.Material_023","49","12","12","1","0.000000","0","12"
"/Game/SHIROGOROV/Drone2/Material_022.Material_022","49","12","12","1","0.000000","0","12"
"/Game/SHIROGOROV/Drone2/Material_021.Material_021","49","12","12","1","0.000000","0","12"
"/Game/SHIROGOROV/Drone2/Material_020.Material_020","49","12","12","1","0.000000","0","12"
"/Game/SHIROGOROV/Drone2/Material_019.Material_019","49","12","12","1","0.000000","0","12"
"/Game/SHIROGOROV/Drone2/Material_018.Material_018","49","12","12","1","0.000000","0","12"
"/Game/SHIROGOROV/Drone2/Material_017.Material_017","49","12","12","1","0.000000","0","12"
"/Game/SHIROGOROV/Drone2/Material_016.Material_016","49","12","12","1","0.000000","0","12"
"/Game/SHIROGOROV/Drone2/Material_015.Material_015","49","12","12","1","0.000000","0","12"
"/Game/SHIROGOROV/Drone2/Material_014.Material_014","49","12","12","1","0.000000","0","12"
"/Game/SHIROGOROV/Drone2/Material_013.Material_013","49","12","12","1","0.000000","0","12"
"/Game/SHIROGOROV/Drone2/Material_012.Material_012","49","12","12","1","0.000000","0","12"
"/Game/SHIROGOROV/Drone2/Material_011.Material_011","49","12","12","1","0.000000","0","12"
"/Game/SHIROGOROV/Drone2/Material_010.Material_010","49","12","12","1","0.000000","0","12"
"/Game/SHIROGOROV/Drone2/Material_009.Material_009","49","12","12","1","0.000000","0","12"
"/Game/SHIROGOROV/Drone2/Material_008.Material_008","49","12","12","1","0.000000","0","12"
"/Game/SHIROGOROV/Drone2/Material_007.Material_007","49","12","12","1","0.000000","0","12"
"/Game/SHIROGOROV/Drone2/Material_006.Material_006","49","12","12","1","0.000000","0","12"
"/Game/SHIROGOROV/Drone2/Material_005.Material_005","49","12","12","1","0.000000","0","12"
"/Game/SHIROGOROV/Drone2/Material_004.Material_004","49","12","12","1","0.000000","0","12"
"/Game/SHIROGOROV/Drone2/Material_003.Material_003","49","12","12","1","0.000000","0","12"
"/Game/SHIROGOROV/Drone2/Material_002.Material_002","49","12","12","1","0.000000","0","12"
"/Game/SHIROGOROV/Drone2/Material_001.Material_001","49","12","12","1","0.000000","0","12"
"/Game/SHIROGOROV/Drone2/Material.Material","49","12","12","1","0.000000","0","12"
"/Game/PolygonPrototype/Materials/Mat_PolygonPrototype_Water.Mat_PolygonPrototype_Water","49","27","27","1","15.201264","0","27"
"/Game/PolygonPrototype/Materials/Mat_PolygonPrototype_Glass.Mat_PolygonPrototype_Glass","49","45","45","1","23.582191","0","45"
"/Engine/EditorLandscapeResources/SplineEditorMeshMat.SplineEditorMeshMat","49","12","14","1","7.236805","0","14"
"/Engine/EngineDebugMaterials/M_SimpleUnlitTranslucent.M_SimpleUnlitTranslucent","49","3","3","1","0.443994","0","3"
"/Engine/EditorMaterials/Camera/CineMat.CineMat","49","24","24","1","31.021894","0","24"
"/Engine/VREditor/TransformGizmo/Xray.Xray","49","12","12","1","0.000000","0","12"
"/Engine/VREditor/TransformGizmo/Main.Main","49","3","3","1","0.429742","0","3"
"/Game/FPWeapon/Materials/BaseMaterial.BaseMaterial","49","33","33","1","0.000000","0","33"
"/Engine/VREditor/TransformGizmo/TranslucentTransformGizmoMaterial.TranslucentTransformGizmoMaterial","49","3","3","1","0.447005","0","3"
"/Game/SHIROGOROV/W_Yellow-white.W_Yellow-white","49","21","21","1","26.624937","0","21"
"/Game/SHIROGOROV/M_Blue-white.M_Blue-white","49","21","21","1","26.741308","0","21"
"/Game/AssetsvilleTown/Materials/MasterMaterials/M_Metal.M_Metal","49","39","41","1","44.696686","0","41"
"/Game/AssetsvilleTown/Materials/MasterMaterials/M_Glass.M_Glass","49","49","49","1","62.433346","0","49"
"/Game/AssetsvilleTown/Materials/MasterMaterials/M_BaseColor.M_BaseColor","49","63","66","1","74.577530","0","66"
"/Engine/EngineMaterials/DefaultLightFunctionMaterial.DefaultLightFunctionMaterial","49","25","25","1","5.363697","0","25"
"/Game/SHIROGOROV/M_Black-red.M_Black-red","49","21","21","1","25.832014","0","21"
"/Game/SHIROGOROV/M_Black-green.M_Black-green","49","21","21","1","28.248735","0","21"
"/Game/SHIROGOROV/Material_004.Material_004","49","24","24","1","15.321618","0","24"
"/Game/SHIROGOROV/Material_002.Material_002","49","24","24","1","0.000000","0","24"
"/Game/SHIROGOROV/Material_001.Material_001","49","24","24","1","0.000000","0","24"
"/Game/SHIROGOROV/Material.Material","49","24","24","1","0.000000","0","24"
"/ControlRig/M_Manip.M_Manip","49","0","9","1","0.000000","0","0"
"/Paper2D/DefaultSpriteMaterial.DefaultSpriteMaterial","49","0","50","2","0.000000","0","0"
"/OpenXR/Devices/M_XRController.M_XRController","49","0","36","3","0.000000","0","48"
"/Engine/EngineDebugMaterials/M_VolumeRenderSphereTracePP.M_VolumeRenderSphereTracePP","49","5","5","1","1.210482","0","5"
"/Engine/VREditor/TransformGizmo/TransformGizmoMaterial.TransformGizmoMaterial","49","2","2","1","0.793449","0","2"
"/Engine/EngineMaterials/Widget3DPassThrough.Widget3DPassThrough","49","49","54","6","14.945557","0","54"
"/Engine/EngineMaterials/DefaultPostProcessMaterial.DefaultPostProcessMaterial","49","7","7","1","1.617972","0","7"
"/Engine/EngineMaterials/DefaultDeferredDecalMaterial.DefaultDeferredDecalMaterial","49","87","87","1","44.427563","0","87"
"/Engine/EngineMaterials/DefaultMaterial.DefaultMaterial","49","123","123","1","157.374390","0","123"
"/Engine/EngineMaterials/WorldGridMaterial.WorldGridMaterial","49","926","947","1","595.180603","0","0"
"/Engine/EngineMaterials/DefaultTextMaterialOpaque.DefaultTextMaterialOpaque","49","29","31","1","20.722515","0","31"
"/Game/StarterContent/Particles/Materials/M_Heat_Distortion.M_Heat_Distortion","49","21","21","1","4.572571","0","21"
"/Game/StarterContent/Props/Materials/M_TableRound.M_TableRound","49","21","21","1","27.502199","0","21"
"/Game/StarterContent/Props/Materials/M_StatueGlass.M_StatueGlass","49","29","29","1","36.985527","0","29"
"/Game/StarterContent/Props/Materials/M_Statue.M_Statue","49","21","21","1","26.492935","0","21"
"/Game/StarterContent/Particles/Materials/M_Spark.M_Spark","49","9","9","1","1.828046","0","9"
"/Game/StarterContent/Particles/Materials/M_smoke_subUV.M_smoke_subUV","49","54","54","1","68.942116","0","54"
"/Game/StarterContent/Props/Materials/M_Shelf.M_Shelf","49","21","21","1","28.868196","0","21"
"/Game/StarterContent/Materials/M_Wood_Floor_Walnut_Polished.M_Wood_Floor_Walnut_Polished","49","21","21","1","27.270546","0","21"
"/Game/StarterContent/Materials/M_Water_Lake.M_Water_Lake","49","21","21","1","29.015738","0","21"
"/Game/StarterContent/Materials/M_Rock_Marble_Polished.M_Rock_Marble_Polished","49","21","21","1","27.667469","0","21"
"/Game/StarterContent/Materials/M_Wood_Walnut.M_Wood_Walnut","49","21","21","1","29.435297","0","21"
"/Game/StarterContent/Materials/M_Wood_Pine.M_Wood_Pine","49","21","21","1","27.674505","0","21"
"/Game/StarterContent/Materials/M_Wood_Oak.M_Wood_Oak","49","21","21","1","27.213684","0","21"
"/Game/StarterContent/Materials/M_Tech_Panel.M_Tech_Panel","49","21","21","1","27.477785","0","21"
"/Game/StarterContent/Materials/M_Tech_Hex_Tile_Pulse.M_Tech_Hex_Tile_Pulse","49","21","21","1","27.774330","0","21"
"/Game/StarterContent/Materials/M_Rock_Slate.M_Rock_Slate","49","21","21","1","33.199326","0","21"
"/Game/StarterContent/Materials/M_Rock_Sandstone.M_Rock_Sandstone","49","21","21","1","32.784058","0","21"
"/Game/StarterContent/Materials/M_Ground_Moss.M_Ground_Moss","49","21","21","1","27.644665","0","21"
"/Game/StarterContent/Materials/M_Ground_Gravel.M_Ground_Gravel","49","21","21","1","27.586493","0","21"
"/Game/StarterContent/Materials/M_Ground_Grass.M_Ground_Grass","49","21","21","1","28.207527","0","21"
"/Game/StarterContent/Props/Materials/M_Frame.M_Frame","49","21","21","1","27.310555","0","21"
"/Game/StarterContent/Particles/Materials/M_Fire_SubUV.M_Fire_SubUV","49","9","9","1","1.964248","0","9"
"/Game/StarterContent/Particles/Materials/M_explosion_subUV.M_explosion_subUV","49","9","9","1","1.947606","0","9"
"/Game/StarterContent/Particles/Materials/M_Dust_Particle.M_Dust_Particle","49","72","72","1","31.152678","0","72"
"/Game/StarterContent/Props/Materials/M_Door.M_Door","49","21","21","1","27.462215","0","21"
"/Game/StarterContent/Materials/M_Concrete_Tiles.M_Concrete_Tiles","49","21","21","1","27.740707","0","21"
"/Game/StarterContent/Materials/M_Concrete_Poured.M_Concrete_Poured","49","21","21","1","26.685551","0","21"
"/Game/StarterContent/Materials/M_Concrete_Panels.M_Concrete_Panels","49","21","21","1","28.646875","0","21"
"/Game/StarterContent/Materials/M_Concrete_Grime.M_Concrete_Grime","49","21","21","1","28.400101","0","21"
"/Game/StarterContent/Materials/M_CobbleStone_Smooth.M_CobbleStone_Smooth","49","21","21","1","29.578049","0","21"
"/Game/StarterContent/Materials/M_CobbleStone_Rough.M_CobbleStone_Rough","49","21","21","1","28.335794","0","21"
"/Game/StarterContent/Materials/M_CobbleStone_Pebble.M_CobbleStone_Pebble","49","21","21","1","28.153999","0","21"
"/Game/StarterContent/Materials/M_Tech_Checker_Dot.M_Tech_Checker_Dot","49","21","21","1","27.757921","0","21"
"/Game/StarterContent/Props/Materials/M_Chair.M_Chair","49","21","21","1","27.384407","0","21"
"/Game/StarterContent/Materials/M_Ceramic_Tile_Checker.M_Ceramic_Tile_Checker","49","21","21","1","27.927338","0","21"
"/Game/StarterContent/Props/Materials/M_Bush.M_Bush","49","42","44","1","34.009785","0","44"
"/Game/StarterContent/Particles/Materials/M_Burst.M_Burst","49","15","15","1","3.403960","0","15"
"/Game/StarterContent/Materials/M_Brick_Hewn_Stone.M_Brick_Hewn_Stone","49","21","21","1","27.240265","0","21"
"/Game/StarterContent/Materials/M_Brick_Cut_Stone.M_Brick_Cut_Stone","49","21","21","1","27.052053","0","21"
"/Game/StarterContent/Materials/M_Brick_Clay_Old.M_Brick_Clay_Old","49","21","21","1","28.683516","0","21"
"/Game/StarterContent/Materials/M_Brick_Clay_New.M_Brick_Clay_New","49","21","21","1","26.659683","0","21"
"/Game/StarterContent/Materials/M_Brick_Clay_Beveled.M_Brick_Clay_Beveled","49","21","21","1","29.691000","0","21"
"/Engine/EngineMaterials/PPM_DefaultCalibrationGrayscale.PPM_DefaultCalibrationGrayscale","49","5","5","1","1.005212","0","5"
"/Engine/EngineMaterials/PPM_DefaultCalibrationColor.PPM_DefaultCalibrationColor","49","5","5","1","0.695641","0","5"
"/Engine/EditorMaterials/PreviewShadowIndicatorMaterial.PreviewShadowIndicatorMaterial","49","25","25","1","5.739213","0","25"
"/Game/PolygonPrototype/Materials/Mat_Polygon_Prototype_Glow_Ring_FX.Mat_Polygon_Prototype_Glow_Ring_FX","49","29","29","1","15.689948","0","29"
"/Game/StarterContent/Props/Materials/M_Rock.M_Rock","49","21","21","1","27.160122","0","21"
"/Game/StarterContent/Materials/M_Water_Ocean.M_Water_Ocean","49","21","21","1","29.449331","0","21"
"/Game/StarterContent/Materials/M_Tech_Hex_Tile.M_Tech_Hex_Tile","49","21","21","1","27.379534","0","21"
"/Game/StarterContent/Materials/M_Metal_Rust.M_Metal_Rust","49","21","21","1","27.848537","0","21"
"/Game/StarterContent/Particles/Materials/M_radial_ramp.M_radial_ramp","49","12","12","1","2.634083","0","12"
"/Game/StarterContent/Particles/Materials/M_Radial_Gradient.M_Radial_Gradient","49","12","12","1","0.000000","0","12"
"/Game/StarterContent/Materials/M_Wood_Floor_Walnut_Worn.M_Wood_Floor_Walnut_Worn","49","21","21","1","28.458040","0","21"
"/Game/StarterContent/Materials/M_ColorGrid_LowSpec.M_ColorGrid_LowSpec","49","21","21","1","27.581551","0","21"
"/Game/StarterContent/Blueprints/Assets/M_LightStage_Skybox_Master.M_LightStage_Skybox_Master","49","4","4","2","1.519054","0","4"
"/Game/PolygonPrototype/Materials/Alts/Mat_PolygonPrototype_10.Mat_PolygonPrototype_10","49","21","21","1","26.451792","0","21"
"/Game/StarterContent/Materials/M_Rock_Basalt.M_Rock_Basalt","49","21","21","1","27.547424","0","21"
"/Game/StarterContent/Materials/M_Metal_Steel.M_Metal_Steel","49","21","21","1","26.445684","0","21"
"/Game/StarterContent/Materials/M_Metal_Gold.M_Metal_Gold","49","21","21","1","26.600090","0","21"
"/Game/StarterContent/Materials/M_Metal_Copper.M_Metal_Copper","49","21","21","1","27.320982","0","21"
"/Game/StarterContent/Materials/M_Metal_Chrome.M_Metal_Chrome","49","21","21","1","27.947380","0","21"
"/Game/StarterContent/Materials/M_Metal_Burnished_Steel.M_Metal_Burnished_Steel","49","21","21","1","26.215816","0","21"
"/Game/StarterContent/Materials/M_Metal_Brushed_Nickel.M_Metal_Brushed_Nickel","49","21","21","1","26.449223","0","21"
"/Game/StarterContent/Props/Materials/M_Lamp.M_Lamp","49","21","21","1","28.698420","0","21"
"/Game/PolygonPrototype/Materials/Alts/Mat_PolygonPrototype_09.Mat_PolygonPrototype_09","49","21","21","1","0.000000","0","21"
"/Game/PolygonPrototype/Materials/Alts/Mat_PolygonPrototype_08.Mat_PolygonPrototype_08","49","21","21","1","0.000000","0","21"
"/Game/PolygonPrototype/Materials/Alts/Mat_PolygonPrototype_07.Mat_PolygonPrototype_07","49","21","21","1","0.000000","0","21"
"/Game/PolygonPrototype/Materials/Alts/Mat_PolygonPrototype_06.Mat_PolygonPrototype_06","49","21","21","1","0.000000","0","21"
"/Game/PolygonPrototype/Materials/Alts/Mat_PolygonPrototype_05.Mat_PolygonPrototype_05","49","33","33","1","15.235941","0","33"
"/Game/PolygonPrototype/Materials/Alts/Mat_PolygonPrototype_04.Mat_PolygonPrototype_04","49","21","21","1","0.000000","0","21"
"/Game/PolygonPrototype/Materials/Alts/Mat_PolygonPrototype_03.Mat_PolygonPrototype_03","49","21","21","1","0.000000","0","21"
"/Game/PolygonPrototype/Materials/Alts/Mat_PolygonPrototype_02.Mat_PolygonPrototype_02","49","21","21","1","0.000000","0","21"
"/Game/PolygonPrototype/Materials/Mat_PolygonPrototype_01.Mat_PolygonPrototype_01","49","75","75","1","55.824455","0","75"
"/Game/Mixamo/phong1.phong1","49","24","24","1","31.138348","0","24"
"/Game/AssetsvilleTown/Materials/MasterMaterials/M_BaseTexture.M_BaseTexture","49","63","66","1","74.594131","0","66"
"/Game/AssetsvilleTown/Materials/MasterMaterials/M_BaseColorPalette_EMS.M_BaseColorPalette_EMS","49","39","41","1","46.487495","0","41"
"/Game/AssetsvilleTown/Materials/MasterMaterials/M_BaseColorPalette.M_BaseColorPalette","49","63","66","1","77.176727","0","66"
"/Game/AssetsvilleTown/Materials/MasterMaterials/M_AlphaTest.M_AlphaTest","49","42","44","1","38.234676","0","44"
"/Engine/EngineSky/VolumetricClouds/m_SimpleVolumetricCloud.m_SimpleVolumetricCloud","49","100","100","1","102.656212","0","100"
"/Game/FPWeapon/Materials/M_FPGun.M_FPGun","49","0","60","1","0.000000","0","0"
"/Interchange/gltf/M_Unlit.M_Unlit","49","0","108","6","0.000000","0","0"
"/Game/VRTemplate/Materials/M_TeleportCylinder.M_TeleportCylinder","49","0","15","1","0.000000","0","0"
"/Game/VRTemplate/Materials/M_TeleportNoise.M_TeleportNoise","49","0","9","1","0.000000","0","0"
"/Game/Characters/MannequinsXR/Materials/M_Mannequin.M_Mannequin","49","0","56","2","0.000000","0","140"
"/Game/AssetsvilleTown/Materials/MasterMaterials/M_SubSurface.M_SubSurface","49","82","84","1","69.048485","0","84"
"/Game/AssetsvilleTown/Materials/MasterMaterials/M_Plants.M_Plants","49","84","88","1","69.420853","0","88"
"/Engine/EngineSky/M_Sky_Panning_Clouds2.M_Sky_Panning_Clouds2","49","2","2","1","0.853529","0","2"
"/Engine/EditorMaterials/MatineeCam_mat.MatineeCam_mat","49","12","12","1","15.015625","0","12"
"/Engine/VREditor/BasicMeshes/M_Floor_01.M_Floor_01","49","21","21","1","28.143950","0","21"
"/Engine/VREditor/SnapGrid/SnapGridMaterial.SnapGridMaterial","49","10","10","1","3.999153","0","10"
"/Game/PolygonPrototype/Materials/Base/Mat_PolygonPrototype_Gobal_Grid_01_Base.Mat_PolygonPrototype_Gobal_Grid_01_Base","49","33","33","1","52.618984","0","33"
"/Game/AnimStarterPack/UE4_Mannequin/Materials/M_UE4Man_Body.M_UE4Man_Body","49","112","120","2","105.264275","0","120"
"/Engine/EditorMaterials/Thumbnails/SkySphereMaterial.SkySphereMaterial","49","21","21","1","38.394726","0","21"
"/Game/LevelPrototyping/Materials/M_PrototypeGrid.M_PrototypeGrid","49","21","63","3","44.327152","0","42"
"/Game/VRTemplate/Materials/M_GridRotation.M_GridRotation","49","0","42","2","0.000000","0","21"
"/SpeedTreeImporter/SpeedTree9/SpeedTreeMaster.SpeedTreeMaster","49","0","88","1","0.000000","0","0"
"/SpeedTreeImporter/SpeedTree9/SpeedTreeBillboardMaster.SpeedTreeBillboardMaster","49","0","62","1","0.000000","0","0"
"/Interchange/gltf/M_SpecularGlossiness.M_SpecularGlossiness","49","0","252","6","0.000000","0","0"
"/Interchange/gltf/M_Transmission.M_Transmission","49","0","76","2","0.000000","0","0"
"/Interchange/gltf/M_Sheen.M_Sheen","49","0","252","6","0.000000","0","0"
"/Interchange/gltf/M_ClearCoat.M_ClearCoat","49","0","252","6","0.000000","0","0"
"/Interchange/gltf/M_Default.M_Default","49","0","252","6","0.000000","0","0"
